Sent Code	Accession Bank ID	Genus	Species	Scientific Name	Source or Donor Name	Local Names	Collection Country	Collection Site	Place of collection
W 129	Local Source 2021 -2022 No.644	Triticum	aestivum	Triticum aestivum L	ICARDA-113081	قمح الخبز	Saudi Arabia	Unknow	Al-Baha
W 131	Local Source 2021 -2022 No.876	Triticum	aestivum	Triticum aestivum L	Market	قمح (معياء)	Saudi Arabia	Mecca	 Taif
W 137	ACSAD 2021/2022 NO.1328	Triticum	aestivum	Triticum aestivum L	ACSAD	قمح طري	ACSAD	نسخة 2019/2020	Syria
Y 1	1494	Triticum	aestivum	Triticum aestivum L	Market	قمح الخبز 	NA	NA	NA
W 222	599	Triticum	aestivum	Triticum aestivum L	Farm	قمح صماء	Saudi Arabia	Riyadh	Tumair
W 223	644	Triticum	aestivum	Triticum aestivum L	Farm	قمح الخبز	Mexico	Unknow	CIMMYT Sample
W 224	817	Triticum	aestivum	Triticum aestivum L	ICARDA-113081	قمح الخبز	Morocco	Unknow	Al-Baha
W 225	876	Triticum	aestivum	Triticum aestivum L	Farm	قمح(زراعي نجران)	ICARDA-Morocco	Najran	Najran 
W 226	920	Triticum	aestivum	Triticum aestivum L	Market	قمح(معياء)	Saudi Arabia	Mecca	Taif
W 227	507	Triticum	aestivum	Triticum aestivum L	Market	قمح(حب بر اترالي)	Saudi Arabia	Mecca	Aseer
W 228	1830	Triticum	aestivum	Triticum aestivum L	CIMMYT	قمح الخبز	Mexico	45 IBWSN	Mexico
W 229	1831	Triticum	aestivum	Triticum aestivum L	CIMMYT	قمح الخبز	Mexico	45 IBWSN	Mexico
W 230	1838	Triticum	aestivum	Triticum aestivum L	CIMMYT	قمح الخبز	Mexico	45 IBWSN	Mexico
W 231	1842	Triticum	aestivum	Triticum aestivum L	CIMMYT	قمح الخبز	Mexico	45 IBWSN	Mexico
W 232	1876	Triticum	aestivum	Triticum aestivum L	CIMMYT	قمح الخبز	Mexico	45 IBWSN	Mexico
W 233	1890	Triticum	aestivum	Triticum aestivum L	CIMMYT	قمح الخبز	Mexico	45 IBWSN	Mexico
W 234	1934	Triticum	aestivum	Triticum aestivum L	CIMMYT	قمح الخبز	Mexico	45 IBWSN	Mexico
W 235	1940	Triticum	aestivum	Triticum aestivum L	CIMMYT	قمح الخبز	Mexico	45 IBWSN	Mexico
W 236	1976	Triticum	aestivum	Triticum aestivum L	CIMMYT	قمح الخبز	Mexico	45 IBWSN	Mexico
W 237	1979	Triticum	aestivum	Triticum aestivum L	CIMMYT	قمح الخبز	Mexico	45 IBWSN	Mexico
W 238	1982	Triticum	aestivum	Triticum aestivum L	CIMMYT	قمح الخبز	Mexico	45 IBWSN	Mexico
W 239	1996	Triticum	aestivum	Triticum aestivum L	CIMMYT	قمح الخبز	Mexico	45 IBWSN	Mexico
W 240	2014	Triticum	aestivum	Triticum aestivum L	CIMMYT	قمح الخبز	Mexico	45 IBWSN	Mexico
W 241	2026	Triticum	aestivum	Triticum aestivum L	CIMMYT	قمح الخبز	Mexico	45 IBWSN	Mexico
W 242	2043	Triticum	aestivum	Triticum aestivum L	CIMMYT	قمح الخبز	Mexico	45 IBWSN	Mexico
W 243	2088	Triticum	aestivum	Triticum aestivum L	CIMMYT	قمح الخبز	Mexico	45 IBWSN	Mexico
W 244	2113	Triticum	aestivum	Triticum aestivum L	CIMMYT	قمح الخبز	Mexico	45 IBWSN	Mexico
W 245	2115	Triticum	aestivum	Triticum aestivum L	CIMMYT	قمح الخبز	Mexico	45 IBWSN	Mexico
W 246	2117	Triticum	aestivum	Triticum aestivum L	CIMMYT	قمح الخبز	Mexico	45 IBWSN	Mexico
W 247	2123	Triticum	aestivum	Triticum aestivum L	CIMMYT	قمح الخبز	Mexico	45 IBWSN	Mexico
W 248	2152	Triticum	aestivum	Triticum aestivum L	CIMMYT	قمح الخبز	Mexico	45 IBWSN	Mexico
W 249	2184	Triticum	aestivum	Triticum aestivum L	CIMMYT	قمح الخبز	Mexico	33ESWYT	Mexico
W 250	2191	Triticum	aestivum	Triticum aestivum L	CIMMYT	قمح الخبز	Mexico	33ESWYT	Mexico
W 251	2196	Triticum	aestivum	Triticum aestivum L	CIMMYT	قمح الخبز	Mexico	33ESWYT	Mexico
W1	18	Triticum	aestivum	Triticum aestivum L	Farm	قمح صما	Saudi Arabia	Riyadh - Al-Majm’a	Al-Majm’a
W2	20	Triticum	aestivum	Triticum aestivum L	Farm	قياض	Saudi Arabia	Riyadh - Tumair	Tumair
W3	17	Triticum	aestivum	Triticum aestivum L	Farm	قمح لقيمي	Saudi Arabia	Riyadh - Al-Majm’a	Al-Majm’a
W 4	682	Triticum	aestivum	Triticum aestivum L	Market	قمح الخبز	Saudi Arabia	Al-Baha	Baljarashi
W 5	109	Triticum	turgidum	Triticum turgidum L	Rashid Al-Hazani	قمح لقيمي	Saudi Arabia	Riyadh	Al-Hareeq
W 6	357	Triticum	aestivum	Triticum aestivum L	Farm	قمح الصماء	Saudi Arabia	Northern Province	Al-Dahna
W 7	323	Triticum	aestivum	Triticum aestivum L	Farm	قمح (محيه)	Saudi Arabia	Al-Qaseem	Al-Bakariah
W 8	989	Triticum	aestivum	Triticum aestivum L	Market	قمح لقيمي	Saudi Arabia	Mecca	Buraidah
W 9	181	Triticum	aestivum	Triticum aestivum L	Agri. Res. Center, Gizan	قمح بلدي	Saudi Arabia	jazan	Jazan
W 10	113	Triticum	aestivum	Triticum aestivum L	Fram	قمح حب	Saudi Arabia	Riyadh	Al-Hareeq
W 11	90	Triticum	aestivum	Triticum aestivum L	Farm	بر بلدي	Saudi Arabia	Riyadh	Al-Dilam
W 12	302	Triticum	aestivum	Triticum aestivum L	Farm Via Dir. Branch	قمح بلدي (مابيه)	Saudi Arabia	Aseer	Al-Nimas
W 13	936	Triticum	aestivum	Triticum aestivum L	Market	قمح الخبز	Saudi Arabia	Mecca	Najran
W 14	193	Triticum	aestivum	Triticum aestivum L	Agri. Directorate, Najran	قمح اسمر (نجران)	Saudi Arabia	Najran	Najran
W 15	773	Triticum	aestivum	Triticum aestivum L	Farm	قمح (سمراء)	Saudi Arabia	Najran	Najran
W 16	317	Triticum	aestivum	Triticum aestivum L	Farm	قمح الخبز	Saudi Arabia	Al-Khubra	Al-Khubra
W 17	693	Triticum	aestivum	Triticum aestivum L	Market	قمح حنطة	Saudi Arabia	Al-Baha	Al-Muqwa Bani Malik
W 18	681	Triticum	aestivum	Triticum aestivum L	Market	قمح استرالي	Saudi Arabia	Al-Baha	Baljarashi
W 19	679	Triticum	aestivum	Triticum aestivum L	Market	قمح شوقيه	Saudi Arabia	Al-Baha	Baljarashi
W 20	770	Triticum	aestivum	Triticum aestivum L	Farm	قمح (بر)	Saudi Arabia	Najran	Najran
W 28	988	Triticum	aestivum	Triticum aestivum L	Market	قمح القصيم	Saudi Arabia	Mecca	Buraidah
W 29	983	Triticum	aestivum	Triticum aestivum L	Market	قمح الفوارة	Saudi Arabia	Mecca	Buraidah
W 30	552	Triticum	aestivum	Triticum aestivum L	Farm	قمح بلدي (يماني)	Saudi Arabia	Tabuk	Tabuk
W 31	493	Triticum	aestivum	Triticum aestivum L	ICARDA	قمح الخيز	Morocco	Unknow	ICARDA Sample
W 32	882	Triticum	aestivum	Triticum aestivum L	Market	قمح بر (نخيله)	Saudi Arabia	Mecca	Taif (Al-Saad)
W 33	929	Triticum	aestivum	Triticum aestivum L	Market	قمح الخبز	Saudi Arabia	Mecca	Najran
W 34	1525	Triticum	aestivum	Triticum aestivum L	Farm	قمح الخبز	Saudi Arabia	Saudi Arabia	Saudi Arabia
W 35	1514	Triticum	aestivum	Triticum aestivum L	Farm	قمح الخبز	Saudi Arabia	Saudi Arabia	Saudi Arabia
W 36	573	Triticum	aestivum	Triticum aestivum L	Farm	قمح الخبز	Saudi Arabia	Al-Qaseem	Al-Qawara
W 37	713	Triticum	aestivum	Triticum aestivum L	Market	قمح الخبز	Saudi Arabia	Tabuk	Unknow
W 38	641	Triticum	aestivum	Triticum aestivum L	ICARDA-113064	قمح الخبز	Morocco	Unknow	Abha
W 39	642	Triticum	aestivum	Triticum aestivum L	ICARDA-113070	قمح الخبز	Morocco	Unknow	Abha
W 40	647	Triticum	aestivum	Triticum aestivum L	ICARDA-138509	قمح الخبز	Morocco	Unknow	Taif
W 41	925	Triticum	aestivum	Triticum aestivum L	Market	قمح (حب قياض قديم)	Saudi Arabia	Mecca	Aseer
W 42	978	Triticum	aestivum	Triticum aestivum L	Market	قمح بر	Saudi Arabia	Mecca	Buraidah
W 43	505	Triticum	aestivum	Triticum aestivum L	ICARDA	قمح الخبز	Morocco	Unknow	ICARDA Sample
W 45	504	Triticum	aestivum	Triticum aestivum L	ICARDA	قمح الخبز	Morocco	Unknow	ICARDA Sample
W 46	502	Triticum	aestivum	Triticum aestivum L	ICARDA	قمح الخبز	Morocco	Unknow	ICARDA Sample
W 48	839	Triticum	aestivum	Triticum aestivum L	Directorate of Agriculture Al-Qaseem	قمح (حنطة)	Saudi Arabia	Al-Qaseem	Al-Qaseem
W 49	598	Triticum	aestivum	Triticum aestivum L	CIMMYT	قمح الخبز	Mexico	CIMMYT Sample	CIMMYT
W 50	491	Triticum	aestivum	Triticum aestivum L	ICARDA	قمح الخبز	Morocco	Unknow	ICARDA Sample
W 51	499	Triticum	aestivum	Triticum aestivum L	ICARDA	قمح الخبز	Morocco	Unknow	ICARDA Sample
W 52	977	Triticum	aestivum	Triticum aestivum L	Market	قمح لقيمي	Saudi Arabia	Mecca	 Buraidah
W 53	596	Triticum	aestivum	Triticum aestivum L	CIMMYT	قمح الخبز	Mexico	Unknow	CIMMYT Sample
W 54	594	Triticum	aestivum	Triticum aestivum L	CIMMYT	قمح الخبز	Mexico	Unknow	CIMMYT Sample
W 55	1172	Triticum	aestivum	Triticum aestivum L	Farm	قمح خبز ربيعي LNM0136	Saudi Arabia	Unknow	Hail
W 56	496	Triticum	aestivum	Triticum aestivum L	ICARDA	قمح الخبز	Morocco	Unknow	ICARDA Sample
W 57	506	Triticum	aestivum	Triticum aestivum L	ICARDA	قمح الخبز	Morocco	Unknow	ICARDA Sample
W 58	646	Triticum	aestivum	Triticum aestivum L	ICARDA-113219	قمح الخبز	Morocco	Unknow	Al-Baha
W 59	503	Triticum	aestivum	Triticum aestivum L	ICARDA	قمح الخبز	Morocco	Unknow	ICARDA Sample
W 60	377	Triticum	aestivum	Triticum aestivum L	Farm	قمح بلدي	Saudi Arabia	Northern Province	Rafha
W 61	286	Triticum	aestivum	Triticum aestivum L	Al-Shabi Market	قمح بلدي (قياض)	Saudi Arabia	Aseer	Balsamer
W 62	375	Triticum	aestivum	Triticum aestivum L	Farm	قمح هلباء	Saudi Arabia	Northern Province	Rafha
W 63	494	Triticum	aestivum	Triticum aestivum L	ICARDA	قمح الخبز	Morocco	Unknow	ICARDA Sample
W 64	492	Triticum	aestivum	Triticum aestivum L	ICARDA	قمح الخبز	Morocco	Unknow	ICARDA Sample
W 65	129	Triticum	aestivum	Triticum aestivum L	Date-palm Res. Center	قمح مقاوم للملوحة	Saudi Arabia	Eastern Province	Al-Hassa
W 66	645	Triticum	aestivum	Triticum aestivum L	ICARDA-113018	قمح الخبز	Morocco	Unknow	Abha
W 70	921	Triticum	aestivum	Triticum aestivum L	Market	قمح (حب بر صيب قديم)	Saudi Arabia	Mecca	Aseer
W 71	591	Triticum	aestivum	Triticum aestivum L	CIMMYT	قمح الخبز	Mexico	Unknow	CIMMYT Sample
W 72	715	Triticum	aestivum	Triticum aestivum L	Market	قمح الخبز	Saudi Arabia	Tabuk	Unknow
W 73	604	Triticum	aestivum	Triticum aestivum L	Farm	قمح الخبز	Saudi Arabia	Unknow	 Riyadh
W 74	584	Triticum	aestivum	Triticum aestivum L	CIMMYT	قمح الخبز	Mexico	Unknow	CIMMYT Sample
W 75	6	Triticum	aestivum	Triticum aestivum L	Market	قمح الهلبا	Saudi Arabia	Al-Qaseem	Buraidah
W 76	984	Triticum	aestivum	Triticum aestivum L	Market	قمح مرغان	Saudi Arabia	Mecca	Buraidah
W 77	583	Triticum	aestivum	Triticum aestivum L	CIMMYT	قمح الخبز	Mexico	Unknow	CIMMYT Sample
W 78	562	Triticum	aestivum	Triticum aestivum L	Farm	قمح معيه بلدي	Saudi Arabia	Al-Qaseem	Al-Qawara
W 79	643	Triticum	aestivum	Triticum aestivum L	ICARDA-113072	قمح الخبز	Morocco	Unknow	Abha
W 80	595	Triticum	aestivum	Triticum aestivum L	CIMMYT	قمح الخبز	Mexico	Unknow	CIMMYT Sample
W 81	586	Triticum	aestivum	Triticum aestivum L	CIMMYT	قمح الخبز	Mexico	Unknow	CIMMYT Sample
W 83	603	Triticum	aestivum	Triticum aestivum L	CIMMYT	قمح الخبز	Mexico	Unknow	CIMMYT Sample
W 84	593	Triticum	aestivum	Triticum aestivum L	CIMMYT	قمح الخبز	Mexico	Unknow	CIMMYT Sample
W 85	498	Triticum	aestivum	Triticum aestivum L	ICARDA	قمح الخبز	Morocco	Unknow	ICARDA Sample
W 86	1070	Triticum	aestivum	Triticum aestivum L	Market	قمح بلدي	Saudi Arabia	Mecca	Hail
W 87	1262	Triticum	aestivum	Triticum aestivum L	Farm	قمح قياض	Saudi Arabia	Farm - Taif	Taif
W 88	1243	Triticum	aestivum	Triticum aestivum L	Farm	قمح الخبز	Saudi Arabia	Farm - Taif	Beni Malak
W 89	1247	Triticum	aestivum	Triticum aestivum L	Farm	قمح بر (قياض)	Saudi Arabia	Aseer	Belasmar
W 90	1245	Triticum	aestivum	Triticum aestivum L	Farm	قمح بر (مابيه)	Saudi Arabia	Aseer	Belasmar
W 91	1248	Triticum	aestivum	Triticum aestivum L	Farm	قمح بر (صيب)	Saudi Arabia	Aseer	Belasmar
W 92	1273	Triticum	aestivum	Triticum aestivum L	Farm	قمح الخبز	Saudi Arabia	Farm - Taif	 Taif
W 93	1311	Triticum	aestivum	Triticum aestivum L	Farm	قمح (لقيمي)	Saudi Arabia	Eastern Province	Om El Araad
W 94	1312	Triticum	aestivum	Triticum aestivum L	Farm	قمح يعبا (عيي)	Saudi Arabia	Eastern Province	Om El Araad
W 95	1291	Triticum	aestivum	Triticum aestivum L	Farm	قمح الخبز	Saudi Arabia	Hail	Hail
W 96	188	Triticum	aestivum	Triticum aestivum L	Agri. Directorate	قمح بلدي (صاد)	Saudi Arabia	Riyadh	Al-Kharj
W 97	1503	Triticum	aestivum	Triticum aestivum L	Farm	قـمـح بوني صيب	Saudi Arabia	aseer	Elmaween
W 98	1502	Triticum	aestivum	Triticum aestivum L	Farm	قـمـح صيب	Saudi Arabia	aseer	Abal Belahmar
W 99	1501	Triticum	aestivum	Triticum aestivum L	Farm	قـمـح صيب	Saudi Arabia	aseer	belgarshi-albaha
W 100	1500	Triticum	aestivum	Triticum aestivum L	Farm	قـمـح صيب	Saudi Arabia	aseer	aseer
W 101	1499	Triticum	aestivum	Triticum aestivum L	Farm	قـمـح نقرة	Saudi Arabia	aseer	Tanmyah aseer
W 102	1498	Triticum	aestivum	Triticum aestivum L	Farm	قـمـح صيب	Saudi Arabia	aseer	Elmaween
W 103	236	Triticum	aestivum	Triticum aestivum L	Farm	قمح بر	Saudi Arabia	Al-Jauf	Al-Jauf
W 106	1240	Triticum	aestivum	Triticum aestivum L	Farm	قمح (حنطة)	Saudi Arabia	Taif	Maysaan 
W 107	376	Triticum	aestivum	Triticum aestivum L	Farm	قمح لقيمي	Morocco	Northern Province	Rafha
W 108	495	Triticum	aestivum	Triticum aestivum L	ICARDA	قمح الخبز	Morocco	Unknow	ICARDA Sample
W 109	10	Triticum	aestivum	Triticum aestivum L	Market	قمح لقيمي اصفر	Saudi Arabia	Al-Qaseem	Al-Bidayei
W 110	7	Triticum	aestivum	Triticum aestivum L	Market	قمح معية	Saudi Arabia	Al-Qaseem	Al-Bidayei
W 111	11	Triticum	aestivum	Triticum aestivum L	Market	قمح الخبز	Saudi Arabia	Al-Qaseem	Al-Bidayei
W 112	9	Triticum	aestivum	Triticum aestivum L	Market	قمح معيه	Saudi Arabia	Al-Qaseem	Al-Bidayei
W 114	15	Triticum	aestivum	Triticum aestivum L	Farm	قمح صما بلدي	Saudi Arabia	Riyadh	Tumair
W 115	16	Triticum	aestivum	Triticum aestivum L	Farm	قمح لقيمي طيارة	Saudi Arabia	Riyadh	Tumair
W 116	13	Triticum	aestivum	Triticum aestivum L	Farm	قمح سريق بلدي	Saudi Arabia	Riyadh	Tumair
W 117	8	Triticum	aestivum	Triticum aestivum L	Market	قمح لقيمي	Saudi Arabia	Al-Qaseem	Buraidah
W 118	1509	Triticum	aestivum	Triticum aestivum L	Farm	قـمـح مابية	Saudi Arabia	Aseer	Beni zebian-albaha
W 119	1508	Triticum	aestivum	Triticum aestivum L	Farm	قـمـح صيب	Saudi Arabia	Aseer	AlSoudah
W 120	1507	Triticum	aestivum	Triticum aestivum L	Farm	قـمـح نقرة	Saudi Arabia	Taif	Taif
W 122	1505	Triticum	aestivum	Triticum aestivum L	Farm	قـمـح نقرة	Saudi Arabia	Aseer	Albaha
W 124	12	Triticum	aestivum	Triticum aestivum L	Farm	قمح صماء	Saudi Arabia	Riyadh	Tumair
W 125	817	Triticum	aestivum	Triticum aestivum L	Farm	قمح (زراعي نجران)	Saudi Arabia	Najran	Najran 
W 126	876	Triticum	aestivum	Triticum aestivum L	Farm	قمح (معياء)	Saudi Arabia	Mecca	Taif
W 127	Local Source 2021 -2022 No. 12	Triticum	aestivum	Triticum aestivum L	Farm	قمح صماء	Saudi Arabia	Riyadh	Tumair
W 128	Local Source 2021 -2022 No.599	Triticum	aestivum	Triticum aestivum L	CIMMYT	قمح الخبز	Saudi Arabia	Tabuk	CIMMYT Sample
W 130	Local Source 2021 -2022 No.644	Triticum	aestivum	Triticum aestivum L	ICARDA-113081	قمح الخبز	Saudi Arabia	Unknow	Al-Baha, Aseer
W 132	Local Source 2021 -2022 No.817	Triticum	aestivum	Triticum aestivum L	farm	قمح (زراعي نجران)	Saudi Arabia	Najran	Najran 
W 133	Local Source 2021 -2022 No.876	Triticum	aestivum	Triticum aestivum L	Market	قمح (معياء)	Saudi Arabia	Mecca	Taif
W 134	Local Source 2021 -2022 No.920	Triticum	aestivum	Triticum aestivum L	Market	قمح(حب بر اترالي)	Saudi Arabia	Mecca	Aseer
W 135	Local Source 2021 -2022 No.1172	Triticum	aestivum	Triticum aestivum L	Farm	قمح خبز ربيعي LNM0136	Saudi Arabia	Unknow	Hail
W 136	Local Source 2021 -2022 No.1525	Triticum	aestivum	Triticum aestivum L	Farm	قمح الخبز	Saudi Arabia	Unknow	Unknow
W 138	ACSAD 2021/2022 NO.1326	Triticum	aestivum	Triticum aestivum L	ACSAD	قمح طري	ACSAD	نسخة 2019/2020	Syria
W 139	ACSAD 2021/2022 NO.1327	Triticum	aestivum	Triticum aestivum L	ACSAD	قمح طري	ACSAD	نسخة 2019/2020	Syria
W 140	ACSAD 2021/2022 NO.1328	Triticum	aestivum	Triticum aestivum L	ACSAD	قمح طري	ACSAD	نسخة 2019/2020	Syria
W 141	ACSAD 2021/2022 NO.1330	Triticum	aestivum	Triticum aestivum L	ACSAD	قمح طري	ACSAD	نسخة 2019/2021	Syria
W 142	ACSAD 2021/2022 NO.1333	Triticum	aestivum	Triticum aestivum L	ACSAD	قمح طري	ACSAD	نسخة 2019/2022	Syria
W 143	ACSAD 2021/2022 NO.1336	Triticum	aestivum	Triticum aestivum L	ACSAD	قمح طري	ACSAD	نسخة 2019/2023	Syria
W 144	ACSAD 2021/2022 NO.1339	Triticum	aestivum	Triticum aestivum L	ACSAD	قمح طري	ACSAD	نسخة 2019/2024	Syria
W 145	CIMMYT 2021/2022 NO.2014	Triticum	aestivum	Triticum aestivum L	CIMMYT	قمح الخبز	CIMMYT	45 IBWSN	Mexico
W 146	CIMMYT 2021/2022 NO.2044	Triticum	aestivum	Triticum aestivum L	CIMMYT	قمح الخبز	CIMMYT	45 IBWSN	Mexico
W 147	CIMMYT 2021/2022 NO.2045	Triticum	aestivum	Triticum aestivum L	CIMMYT	قمح الخبز	CIMMYT	45 IBWSN	Mexico
W 148	CIMMYT 2021/2022 NO.2073	Triticum	aestivum	Triticum aestivum L	CIMMYT	قمح الخبز	CIMMYT	45 IBWSN	Mexico
W 149	CIMMYT 2021/2022 NO.2074	Triticum	aestivum	Triticum aestivum L	CIMMYT	قمح الخبز	CIMMYT	45 IBWSN	Mexico
W 150	CIMMYT 2021/2022 NO.2081	Triticum	aestivum	Triticum aestivum L	CIMMYT	قمح الخبز	CIMMYT	45 IBWSN	Mexico
W 151	CIMMYT 2021/2022 NO.2201	Triticum	aestivum	Triticum aestivum L	CIMMYT	قمح الخبز	CIMMYT	33ESWYT	Mexico
W 152	CIMMYT2021-2022 NO.2202	Triticum	aestivum	Triticum aestivum L	CIMMYT	قمح الخبز	CIMMYT	33ESWYT	Mexico
W 153	CIMMYT2021-2022 NO.2203	Triticum	aestivum	Triticum aestivum L	CIMMYT	قمح الخبز	CIMMYT	33ESWYT	Mexico
W 154	CIMMYT2021-2022 NO.2204	Triticum	aestivum	Triticum aestivum L	CIMMYT	قمح الخبز	CIMMYT	33ESWYT	Mexico
W 155	CIMMYT2021-2022 NO.2205	Triticum	aestivum	Triticum aestivum L	CIMMYT	قمح الخبز	CIMMYT	33ESWYT	Mexico
W 156	CIMMYT2021-2022 NO.2206	Triticum	aestivum	Triticum aestivum L	CIMMYT	قمح الخبز	CIMMYT	33ESWYT	Mexico
W 157	CIMMYT2021-2022 NO.2208	Triticum	aestivum	Triticum aestivum L	CIMMYT	قمح الخبز	CIMMYT	33ESWYT	Mexico
W 158	CIMMYT2021-2022 NO.2166	Triticum	aestivum	Triticum aestivum L	CIMMYT	قمح الخبز	CIMMYT	33ESWYT	Mexico
W 159	CIMMYT2021-2022 NO.2177	Triticum	aestivum	Triticum aestivum L	CIMMYT	قمح الخبز	CIMMYT	33ESWYT	Mexico
W 160	CIMMYT2021-2022 NO.2186	Triticum	aestivum	Triticum aestivum L	CIMMYT	قمح الخبز	CIMMYT	33ESWYT	Mexico
W 161	CIMMYT2021-2022 NO.2189	Triticum	aestivum	Triticum aestivum L	CIMMYT	قمح الخبز	CIMMYT	33ESWYT	Mexico
W 162	CIMMYT2021-2022 NO.2193	Triticum	aestivum	Triticum aestivum L	CIMMYT	قمح الخبز	CIMMYT	33ESWYT	Mexico
W 163	CIMMYT2021-2022 NO.2198	Triticum	aestivum	Triticum aestivum L	CIMMYT	قمح الخبز	CIMMYT	33ESWYT	Mexico
W 164	CIMMYT2021-2022 NO.2208	Triticum	aestivum	Triticum aestivum L	CIMMYT	قمح الخبز	CIMMYT	33ESWYT	Mexico
W 165	CIMMYT2021-2022 NO.2163	Triticum	aestivum	Triticum aestivum L	CIMMYT	قمح الخبز	CIMMYT	33ESWYT	Mexico
W 166	CIMMYT2021-2022 NO.2176	Triticum	aestivum	Triticum aestivum L	CIMMYT	قمح الخبز	CIMMYT	33ESWYT	Mexico
W 167	CIMMYT2021-2022 NO.2179	Triticum	aestivum	Triticum aestivum L	CIMMYT	قمح الخبز	CIMMYT	33ESWYT	Mexico
W 168	CIMMYT2021-2022 NO.2184	Triticum	aestivum	Triticum aestivum L	CIMMYT	قمح الخبز	CIMMYT	33ESWYT	Mexico
W 169	CIMMYT2021-2022 NO.2186	Triticum	aestivum	Triticum aestivum L	CIMMYT	قمح الخبز	CIMMYT	33ESWYT	Mexico
W 170	CIMMYT2021-2022 NO.2227	Triticum	aestivum	Triticum aestivum L	CIMMYT	قمح الخبز	CIMMYT	20SAWYT	Mexico
W 171	CIMMYT2021-2022 NO.1861	Triticum	aestivum	Triticum aestivum L	CIMMYT	قمح الخبز	CIMMYT	45 IBWSN	Mexico
W 172	CIMMYT2021-2022 NO.2075	Triticum	aestivum	Triticum aestivum L	CIMMYT	قمح الخبز	CIMMYT	45 IBWSN	Mexico
W 173	CIMMYT2021-2022 NO.2205	Triticum	aestivum	Triticum aestivum L	CIMMYT	قمح الخبز	CIMMYT	33ESWYT	Mexico
W 174	CIMMYT2021-2022 NO.2223	Triticum	aestivum	Triticum aestivum L	CIMMYT	قمح الخبز	CIMMYT	20SAWYT	Mexico
W 175	CIMMYT2021-2022 NO.2226	Triticum	aestivum	Triticum aestivum L	CIMMYT	قمح الخبز	CIMMYT	20SAWYT	Mexico
W 176	CIMMYT2021-2022 NO.2229	Triticum	aestivum	Triticum aestivum L	CIMMYT	قمح الخبز	CIMMYT	20SAWYT	Mexico
W 177	599	Triticum	aestivum	Triticum aestivum L	Farm	قمح الخبز	Mexico	Unknow	CIMMYT Sample
W 178	644	Triticum	aestivum	Triticum aestivum L	ICARDA-113081	قمح الخبز	Saudi Arabia	Unknow	Al-Baha
W 179	817	Triticum	aestivum	Triticum aestivum L	Farm	قمح(زراعي نجران)	Saudi Arabia	Najran	Najran 
W 180	876	Triticum	aestivum	Triticum aestivum L	Market	قمح (معياء)	Saudi Arabia	Mecca	Taif
W 181	920	Triticum	aestivum	Triticum aestivum L	Market	قمح (حب بر اترالي)	Saudi Arabia	Mecca	Aseer
W 182	1833	Triticum	aestivum	Triticum aestivum L	CIMMYT	قمح الخبز	Mexico	45 IBWSN	Mexico
W 183	1851	Triticum	aestivum	Triticum aestivum L	CIMMYT	قمح الخبز	Mexico	45 IBWSN	Mexico
W 184	1880	Triticum	aestivum	Triticum aestivum L	CIMMYT	قمح الخبز	Mexico	45 IBWSN	Mexico
W 185	1882	Triticum	aestivum	Triticum aestivum L	CIMMYT	قمح الخبز	Mexico	45 IBWSN	Mexico
W 186	1904	Triticum	aestivum	Triticum aestivum L	CIMMYT	قمح الخبز	Mexico	45 IBWSN	Mexico
W 187	1937	Triticum	aestivum	Triticum aestivum L	CIMMYT	قمح الخبز	Mexico	45 IBWSN	Mexico
W 188	1995	Triticum	aestivum	Triticum aestivum L	CIMMYT	قمح الخبز	Mexico	45 IBWSN	Mexico
W 189	2015	Triticum	aestivum	Triticum aestivum L	CIMMYT	قمح الخبز	Mexico	45 IBWSN	Mexico
W 190	2067	Triticum	aestivum	Triticum aestivum L	CIMMYT	قمح الخبز	Mexico	46 IBWSN	Mexico
W 191	2040	Triticum	aestivum	Triticum aestivum L	CIMMYT	قمح الخبز	Mexico	45 IBWSN	Mexico
W 192	2042	Triticum	aestivum	Triticum aestivum L	CIMMYT	قمح الخبز	Mexico	45 IBWSN	Mexico
W 193	2076	Triticum	aestivum	Triticum aestivum L	CIMMYT	قمح الخبز	Mexico	45 IBWSN	Mexico
W 194	2076	Triticum	aestivum	Triticum aestivum L	CIMMYT	قمح الخبز	Mexico	46 IBWSN	Mexico
W 195	2077	Triticum	aestivum	Triticum aestivum L	CIMMYT	قمح الخبز	Mexico	45 IBWSN	Mexico
W 196	2080	Triticum	aestivum	Triticum aestivum L	CIMMYT	قمح الخبز	Mexico	45 IBWSN	Mexico
W 197	2102	Triticum	aestivum	Triticum aestivum L	CIMMYT	قمح الخبز	Mexico	45 IBWSN	Mexico
W 198	2111	Triticum	aestivum	Triticum aestivum L	CIMMYT	قمح الخبز	Mexico	45 IBWSN	Mexico
W 199	2118	Triticum	aestivum	Triticum aestivum L	CIMMYT	قمح الخبز	Mexico	45 IBWSN	Mexico
W 200	2129	Triticum	aestivum	Triticum aestivum L	CIMMYT	قمح الخبز	Mexico	45 IBWSN	Mexico
W 201	2154	Triticum	aestivum	Triticum aestivum L	CIMMYT	قمح الخبز	Mexico	45 IBWSN	Mexico
W 202	2167	Triticum	aestivum	Triticum aestivum L	CIMMYT	قمح الخبز	Mexico	33ESWYT	Mexico
W 203	2191	Triticum	aestivum	Triticum aestivum L	CIMMYT	قمح الخبز	Mexico	33ESWYT	Mexico
W 204	2203	Triticum	aestivum	Triticum aestivum L	CIMMYT	قمح الخبز	Mexico	33ESWYT	Mexico
W 205	2165	Triticum	aestivum	Triticum aestivum L	CIMMYT	قمح الخبز	Mexico	33ESWYT	Mexico
W 206	2171	Triticum	aestivum	Triticum aestivum L	CIMMYT	قمح الخبز	Mexico	33ESWYT	Mexico
W 207	2181	Triticum	aestivum	Triticum aestivum L	CIMMYT	قمح الخبز	Mexico	33ESWYT	Mexico
W 208	2182	Triticum	aestivum	Triticum aestivum L	CIMMYT	قمح الخبز	Mexico	33ESWYT	Mexico
W 209	2210	Triticum	aestivum	Triticum aestivum L	CIMMYT	قمح الخبز	Mexico	33ESWYT	Mexico
W 210	2113	Triticum	aestivum	Triticum aestivum L	CIMMYT	قمح الخبز	Mexico	45 IBWSN	Mexico
W 211	2234	Triticum	aestivum	Triticum aestivum L	CIMMYT	قمح الخبز	Mexico	20SAWYT	Mexico
W 212	2240	Triticum	aestivum	Triticum aestivum L	CIMMYT	قمح الخبز	Mexico	20SAWYT	Mexico
W 213	2242	Triticum	aestivum	Triticum aestivum L	CIMMYT	قمح الخبز	Mexico	20SAWYT	Mexico
W 214	2253	Triticum	aestivum	Triticum aestivum L	CIMMYT	قمح الخبز	Mexico	20SAWYT	Mexico
W 215	2215	Triticum	aestivum	Triticum aestivum L	CIMMYT	قمح الخبز	Mexico	20SAWYT	Mexico
W 216	2216	Triticum	aestivum	Triticum aestivum L	CIMMYT	قمح الخبز	Mexico	20SAWYT	Mexico
W 217	2224	Triticum	aestivum	Triticum aestivum L	CIMMYT	قمح الخبز	Mexico	20SAWYT	Mexico
W 218	2225	Triticum	aestivum	Triticum aestivum L	CIMMYT	قمح الخبز	Mexico	20SAWYT	Mexico
W 219	2236	Triticum	aestivum	Triticum aestivum L	CIMMYT	قمح الخبز	Mexico	20SAWYT	Mexico
W 220	2238	Triticum	aestivum	Triticum aestivum L	CIMMYT	قمح الخبز	Mexico	20SAWYT	Mexico
W 221	2249	Triticum	aestivum	Triticum aestivum L	CIMMYT	قمح الخبز	Mexico	20SAWYT	Mexico
W 252	644	Triticum	aestivum	Triticum aestivum L	ICARDA-113081	قمح الخبز	Morocco	Unknow	Al-Baha
W 253	876	Triticum	aestivum	Triticum aestivum L	Market	قمح(معياء)	Saudi Arabia	Mecca	Taif
W 254	920	Triticum	aestivum	Triticum aestivum L	Market	قمح(حب بر اترالي)	Saudi Arabia	Mecca	Aseer
W 255	507	Triticum	aestivum	Triticum aestivum L	ICARDA	قمح الخبز	Syira	Unknow	ICARDA Sample
W 256	1834	Triticum	aestivum	Triticum aestivum L	CIMMYT	قمح الخبز	Mexico	45 IBWSN	Mexico
W 257	1835	Triticum	aestivum	Triticum aestivum L	CIMMYT	قمح الخبز	Mexico	45 IBWSN	Mexico
W 258	1836	Triticum	aestivum	Triticum aestivum L	CIMMYT	قمح الخبز	Mexico	45 IBWSN	Mexico
W 259	1848	Triticum	aestivum	Triticum aestivum L	CIMMYT	قمح الخبز	Mexico	45 IBWSN	Mexico
W 260	1850	Triticum	aestivum	Triticum aestivum L	CIMMYT	قمح الخبز	Mexico	45 IBWSN	Mexico
W 261	1853	Triticum	aestivum	Triticum aestivum L	CIMMYT	قمح الخبز	Mexico	45 IBWSN	Mexico
W 262	1858	Triticum	aestivum	Triticum aestivum L	CIMMYT	قمح الخبز	Mexico	45 IBWSN	Mexico
W 263	1863	Triticum	aestivum	Triticum aestivum L	CIMMYT	قمح الخبز	Mexico	45 IBWSN	Mexico
W 264	1873	Triticum	aestivum	Triticum aestivum L	CIMMYT	قمح الخبز	Mexico	45 IBWSN	Mexico
W 265	1879	Triticum	aestivum	Triticum aestivum L	CIMMYT	قمح الخبز	Mexico	45 IBWSN	Mexico
W 266	1894	Triticum	aestivum	Triticum aestivum L	CIMMYT	قمح الخبز	Mexico	45 IBWSN	Mexico
W 267	1916	Triticum	aestivum	Triticum aestivum L	CIMMYT	قمح الخبز	Mexico	45 IBWSN	Mexico
W 268	1919	Triticum	aestivum	Triticum aestivum L	CIMMYT	قمح الخبز	Mexico	45 IBWSN	Mexico
W 269	1928	Triticum	aestivum	Triticum aestivum L	CIMMYT	قمح الخبز	Mexico	45 IBWSN	Mexico
W 270	2141	Triticum	aestivum	Triticum aestivum L	CIMMYT	قمح الخبز	Mexico	45 IBWSN	Mexico
W 271	2142	Triticum	aestivum	Triticum aestivum L	CIMMYT	قمح الخبز	Mexico	45 IBWSN	Mexico
W 272	1951	Triticum	aestivum	Triticum aestivum L	CIMMYT	قمح الخبز	Mexico	45 IBWSN	Mexico
W 273	1954	Triticum	aestivum	Triticum aestivum L	CIMMYT	قمح الخبز	Mexico	45 IBWSN	Mexico
W 274	1964	Triticum	aestivum	Triticum aestivum L	CIMMYT	قمح الخبز	Mexico	45 IBWSN	Mexico
W 275	1962	Triticum	aestivum	Triticum aestivum L	CIMMYT	قمح الخبز	Mexico	45 IBWSN	Mexico
W 276	1963	Triticum	aestivum	Triticum aestivum L	CIMMYT	قمح الخبز	Mexico	45 IBWSN	Mexico
W 277	2012	Triticum	aestivum	Triticum aestivum L	CIMMYT	قمح الخبز	Mexico	45 IBWSN	Mexico
W 278	2054	Triticum	aestivum	Triticum aestivum L	CIMMYT	قمح الخبز	Mexico	45 IBWSN	Mexico
W 279	2060	Triticum	aestivum	Triticum aestivum L	CIMMYT	قمح الخبز	Mexico	45 IBWSN	Mexico
W 280	2126	Triticum	aestivum	Triticum aestivum L	CIMMYT	قمح الخبز	Mexico	45 IBWSN	Mexico
W 281	2147	Triticum	aestivum	Triticum aestivum L	CIMMYT	قمح الخبز	Mexico	45 IBWSN	Mexico
W 322	12	Triticum	 aestivum 	Triticum aestivum L	Farm	قمح صماء	Saudi Arabia	Riyadh	Tumair
W 323	599	Triticum	 aestivum 	Triticum aestivum L	Farm	قمح الخبز	Mexico	Unknow	CIMMYT Sample
W 324	644	Triticum	 aestivum 	Triticum aestivum L	ICARDA-113081	قمح الخبز	Morocco	Unknow	Al-Baha
W 325	817	Triticum	 aestivum 	Triticum aestivum L	Farm	قمح(زراعي نجران)	ICARDA-Morocco	Najran	Najran 
W 326	876	Triticum	 aestivum 	Triticum aestivum L	Market	قمح(معياء)	Saudi Arabia	Mecca	Taif
W 327	920	Triticum	 aestivum 	Triticum aestivum L	Market	قمح(حب بر اترالي)	Saudi Arabia	Mecca	Aseer
W 328	1326	Triticum	 aestivum 	Triticum aestivum L	ACSAD	قمح طري	ACSAD	نسخة 2019/2020	Syria
W 329	1327	Triticum	 aestivum 	Triticum aestivum L	ACSAD	قمح طري	ACSAD	نسخة 2019/2020	Syria
W 330	1328	Triticum	 aestivum 	Triticum aestivum L	ACSAD	قمح طري	ACSAD	نسخة 2019/2020	Syria
W 331	1330	Triticum	 aestivum 	Triticum aestivum L	ACSAD	قمح طري 	ACSAD	نسخة 2019/2020	Syria
W 332	1333	Triticum	 aestivum 	Triticum aestivum L	ACSAD	قمح طري	ACSAD	نسخة 2019/2020	Syria
W 333	1336	Triticum	 aestivum 	Triticum aestivum L	ACSAD	قمح طري	ACSAD	نسخة 2019/2020	Syria
W 334	1339	Triticum	 aestivum 	Triticum aestivum L	ACSAD	قمح طري	ACSAD	نسخة 2019/2020	Syria
W 335	1340	Triticum	 aestivum 	Triticum aestivum L	ACSAD	قمح طري	ACSAD	نسخة 2019/2020	Syria
W 336	1344	Triticum	 aestivum 	Triticum aestivum L	ACSAD	قمح طري	ACSAD	نسخة 2019/2020	Syria
W 444	2263	Triticum	 aestivum 	Triticum aestivum L	CIMMYT	قمح خبز	Mexico	7 STEMRRSN	Mexico
W 445	2264	Triticum	 aestivum 	Triticum aestivum L	CIMMYT	قمح خبز	Mexico	7 STEMRRSN	Mexico
W 446	2265	Triticum	 aestivum 	Triticum aestivum L	CIMMYT	قمح خبز	Mexico	7 STEMRRSN	Mexico
W 447	2266	Triticum	 aestivum 	Triticum aestivum L	CIMMYT	قمح خبز	Mexico	7 STEMRRSN	Mexico
W 448	2267	Triticum	 aestivum 	Triticum aestivum L	CIMMYT	قمح خبز	Mexico	7 STEMRRSN	Mexico
W 449	2268	Triticum	 aestivum 	Triticum aestivum L	CIMMYT	قمح خبز	Mexico	7 STEMRRSN	Mexico
W 450	2269	Triticum	 aestivum 	Triticum aestivum L	CIMMYT	قمح خبز	Mexico	7 STEMRRSN	Mexico
W 451	2270	Triticum	 aestivum 	Triticum aestivum L	CIMMYT	قمح خبز	Mexico	7 STEMRRSN	Mexico
W 452	2271	Triticum	 aestivum 	Triticum aestivum L	CIMMYT	قمح خبز	Mexico	7 STEMRRSN	Mexico
W 453	2272	Triticum	 aestivum 	Triticum aestivum L	CIMMYT	قمح خبز	Mexico	7 STEMRRSN	Mexico
W 454	2273	Triticum	 aestivum 	Triticum aestivum L	CIMMYT	قمح خبز	Mexico	7 STEMRRSN	Mexico
W 455	2274	Triticum	 aestivum 	Triticum aestivum L	CIMMYT	قمح خبز	Mexico	7 STEMRRSN	Mexico
W 457	2276	Triticum	 aestivum 	Triticum aestivum L	CIMMYT	قمح خبز	Mexico	7 STEMRRSN	Mexico
									
W 458	2277	Triticum	 aestivum 	Triticum aestivum L	CIMMYT	قمح خبز	Mexico	7 STEMRRSN	Mexico
W 459	2278	Triticum	 aestivum 	Triticum aestivum L	CIMMYT	قمح خبز	Mexico	7 STEMRRSN	Mexico
W 460	2279	Triticum	aestivum	Triticum aestivum L	CIMMYT	قمح خبز	Mexico	7 STEMRRSN	Mexico
W 461	2280	Triticum	aestivum	Triticum aestivum L	CIMMYT	قمح خبز	Mexico	7 STEMRRSN	Mexico
W 462	2281	Triticum	aestivum	Triticum aestivum L	CIMMYT	قمح خبز	Mexico	7 STEMRRSN	Mexico
W 463	2282	Triticum	aestivum	Triticum aestivum L	CIMMYT	قمح خبز	Mexico	7 STEMRRSN	Mexico
W 464	2283	Triticum	aestivum	Triticum aestivum L	CIMMYT	قمح خبز	Mexico	7 STEMRRSN	Mexico
W 465	2284	Triticum	aestivum	Triticum aestivum L	CIMMYT	قمح خبز	Mexico	7 STEMRRSN	Mexico
W 466	2285	Triticum	aestivum	Triticum aestivum L	CIMMYT	قمح خبز	Mexico	7 STEMRRSN	Mexico
W 467	2286	Triticum	aestivum	Triticum aestivum L	CIMMYT	قمح خبز	Mexico	7 STEMRRSN	Mexico
W 468	2287	Triticum	aestivum	Triticum aestivum L	CIMMYT	قمح خبز	Mexico	7 STEMRRSN	Mexico
W 469	2288	Triticum	aestivum	Triticum aestivum L	CIMMYT	قمح خبز	Mexico	7 STEMRRSN	Mexico
W 470	2289	Triticum	aestivum	Triticum aestivum L	CIMMYT	قمح خبز	Mexico	7 STEMRRSN	Mexico
W 471	2290	Triticum	aestivum	Triticum aestivum L	CIMMYT	قمح خبز	Mexico	7 STEMRRSN	Mexico
W 472	2293	Triticum	aestivum	Triticum aestivum L	CIMMYT	قمح خبز	Mexico	7 STEMRRSN	Mexico
W 473	2294	Triticum	aestivum	Triticum aestivum L	CIMMYT	قمح خبز	Mexico	7 STEMRRSN	Mexico
W 474	2295	Triticum	aestivum	Triticum aestivum L	CIMMYT	قمح خبز	Mexico	7 STEMRRSN	Mexico
W 475	2296	Triticum	aestivum	Triticum aestivum L	CIMMYT	قمح خبز	Mexico	7 STEMRRSN	Mexico
W 476	2297	Triticum	aestivum	Triticum aestivum L	CIMMYT	قمح خبز	Mexico	7 STEMRRSN	Mexico
W 477	2298	Triticum	aestivum	Triticum aestivum L	CIMMYT	قمح خبز	Mexico	7 STEMRRSN	Mexico
W 478	2299	Triticum	aestivum	Triticum aestivum L	CIMMYT	قمح خبز	Mexico	7 STEMRRSN	Mexico
W 479	2300	Triticum	aestivum	Triticum aestivum L	CIMMYT	قمح خبز	Mexico	7 STEMRRSN	Mexico
W 480	2301	Triticum	aestivum	Triticum aestivum L	CIMMYT	قمح خبز	Mexico	7 STEMRRSN	Mexico
W 481	2302	Triticum	aestivum	Triticum aestivum L	CIMMYT	قمح خبز	Mexico	7 STEMRRSN	Mexico
W 482	2303	Triticum	aestivum	Triticum aestivum L	CIMMYT	قمح خبز	Mexico	7 STEMRRSN	Mexico
W 483	2305	Triticum	aestivum	Triticum aestivum L	CIMMYT	قمح خبز	Mexico	7 STEMRRSN	Mexico
W 484	2306	Triticum	aestivum	Triticum aestivum L	CIMMYT	قمح خبز	Mexico	7 STEMRRSN	Mexico
W 485	2307	Triticum	aestivum	Triticum aestivum L	CIMMYT	قمح خبز	Mexico	7 STEMRRSN	Mexico
W 486	2308	Triticum	aestivum	Triticum aestivum L	CIMMYT	قمح خبز	Mexico	7 STEMRRSN	Mexico
W 487	2309	Triticum	aestivum	Triticum aestivum L	CIMMYT	قمح خبز	Mexico	7 STEMRRSN	Mexico
W 488	2310	Triticum	aestivum	Triticum aestivum L	CIMMYT	قمح خبز	Mexico	7 STEMRRSN	Mexico
W 489	2311	Triticum	aestivum	Triticum aestivum L	CIMMYT	قمح خبز	Mexico	7 STEMRRSN	Mexico
W 490	2312	Triticum	aestivum	Triticum aestivum L	CIMMYT	قمح خبز	Mexico	7 STEMRRSN	Mexico
W 491	2313	Triticum	aestivum	Triticum aestivum L	CIMMYT	قمح خبز	Mexico	7 STEMRRSN	Mexico
W 492	2314	Triticum	aestivum	Triticum aestivum L	CIMMYT	قمح خبز	Mexico	7 STEMRRSN	Mexico
W 493	2315	Triticum	aestivum	Triticum aestivum L	CIMMYT	قمح خبز	Mexico	7 STEMRRSN	Mexico
W 494	2316	Triticum	aestivum	Triticum aestivum L	CIMMYT	قمح خبز	Mexico	7 STEMRRSN	Mexico
W 495	2317	Triticum	aestivum	Triticum aestivum L	CIMMYT	قمح خبز	Mexico	7 STEMRRSN	Mexico
W 496	2318	Triticum	aestivum	Triticum aestivum L	CIMMYT	قمح خبز	Mexico	7 STEMRRSN	Mexico
W 497	2319	Triticum	aestivum	Triticum aestivum L	CIMMYT	قمح خبز	Mexico	7 STEMRRSN	Mexico
W 498	2320	Triticum	aestivum	Triticum aestivum L	CIMMYT	قمح خبز	Mexico	7 STEMRRSN	Mexico
W 499	2321	Triticum	aestivum	Triticum aestivum L	CIMMYT	قمح خبز	Mexico	7 STEMRRSN	Mexico
W 500	2322	Triticum	aestivum	Triticum aestivum L	CIMMYT	قمح خبز	Mexico	7 STEMRRSN	Mexico
W 501	2323	Triticum	aestivum	Triticum aestivum L	CIMMYT	قمح خبز	Mexico	7 STEMRRSN	Mexico
W 502	2324	Triticum	aestivum	Triticum aestivum L	CIMMYT	قمح خبز	Mexico	7 STEMRRSN	Mexico
W 503	2325	Triticum	aestivum	Triticum aestivum L	CIMMYT	قمح خبز	Mexico	7 STEMRRSN	Mexico
W 504	2326	Triticum	aestivum	Triticum aestivum L	CIMMYT	قمح خبز	Mexico	7 STEMRRSN	Mexico
W 505	2327	Triticum	aestivum	Triticum aestivum L	CIMMYT	قمح خبز	Mexico	7 STEMRRSN	Mexico
W 506	2328	Triticum	aestivum	Triticum aestivum L	CIMMYT	قمح خبز	Mexico	7 STEMRRSN	Mexico
W 507	2329	Triticum	aestivum	Triticum aestivum L	CIMMYT	قمح خبز	Mexico	7 STEMRRSN	Mexico
W 508	2330	Triticum	aestivum	Triticum aestivum L	CIMMYT	قمح خبز	Mexico	7 STEMRRSN	Mexico
W 509	2331	Triticum	aestivum	Triticum aestivum L	CIMMYT	قمح خبز	Mexico	7 STEMRRSN	Mexico
W 510	2332	Triticum	aestivum	Triticum aestivum L	CIMMYT	قمح خبز	Mexico	7 STEMRRSN	Mexico
W 511	2333	Triticum	aestivum	Triticum aestivum L	CIMMYT	قمح خبز	Mexico	7 STEMRRSN	Mexico
W 512	2334	Triticum	aestivum	Triticum aestivum L	CIMMYT	قمح خبز	Mexico	7 STEMRRSN	Mexico
W 513	2335	Triticum	aestivum	Triticum aestivum L	CIMMYT	قمح خبز	Mexico	7 STEMRRSN	Mexico
W 514	2336	Triticum	aestivum	Triticum aestivum L	CIMMYT	قمح خبز	Mexico	7 STEMRRSN	Mexico
W 515	2337	Triticum	aestivum	Triticum aestivum L	CIMMYT	قمح خبز	Mexico	7 STEMRRSN	Mexico
W 516	2338	Triticum	aestivum	Triticum aestivum L	CIMMYT	قمح خبز	Mexico	7 STEMRRSN	Mexico
W 517	2339	Triticum	aestivum	Triticum aestivum L	CIMMYT	قمح خبز	Mexico	7 STEMRRSN	Mexico
W 518	2340	Triticum	aestivum	Triticum aestivum L	CIMMYT	قمح خبز	Mexico	7 STEMRRSN	Mexico
W 519	2341	Triticum	aestivum	Triticum aestivum L	CIMMYT	قمح خبز	Mexico	7 STEMRRSN	Mexico
W 520	2342	Triticum	aestivum	Triticum aestivum L	CIMMYT	قمح خبز	Mexico	7 STEMRRSN	Mexico
W 521	2343	Triticum	aestivum	Triticum aestivum L	CIMMYT	قمح خبز	Mexico	7 STEMRRSN	Mexico
W 522	2344	Triticum	aestivum	Triticum aestivum L	CIMMYT	قمح خبز	Mexico	7 STEMRRSN	Mexico
W 523	2345	Triticum	aestivum	Triticum aestivum L	CIMMYT	قمح خبز	Mexico	7 STEMRRSN	Mexico
W 524	2346	Triticum	aestivum	Triticum aestivum L	CIMMYT	قمح خبز	Mexico	7 STEMRRSN	Mexico
W 525	2347	Triticum	aestivum	Triticum aestivum L	CIMMYT	قمح خبز	Mexico	7 STEMRRSN	Mexico
W 526	2348	Triticum	aestivum	Triticum aestivum L	CIMMYT	قمح خبز	Mexico	7 STEMRRSN	Mexico
W 527	2349	Triticum	aestivum	Triticum aestivum L	CIMMYT	قمح خبز	Mexico	7 STEMRRSN	Mexico
W 528	2350	Triticum	aestivum	Triticum aestivum L	CIMMYT	قمح خبز	Mexico	7 STEMRRSN	Mexico
W 529	2351	Triticum	aestivum	Triticum aestivum L	CIMMYT	قمح خبز	Mexico	7 STEMRRSN	Mexico
W 530	2352	Triticum	aestivum	Triticum aestivum L	CIMMYT	قمح خبز	Mexico	7 STEMRRSN	Mexico
W 531	2353	Triticum	aestivum	Triticum aestivum L	CIMMYT	قمح خبز	Mexico	7 STEMRRSN	Mexico
W 532	2354	Triticum	aestivum	Triticum aestivum L	CIMMYT	قمح خبز	Mexico	7 STEMRRSN	Mexico
W 533	2355	Triticum	aestivum	Triticum aestivum L	CIMMYT	قمح خبز	Mexico	7 STEMRRSN	Mexico
W 534	2356	Triticum	aestivum	Triticum aestivum L	CIMMYT	قمح خبز	Mexico	7 STEMRRSN	Mexico
W 535	2357	Triticum	aestivum	Triticum aestivum L	CIMMYT	قمح خبز	Mexico	7 STEMRRSN	Mexico
W 536	2358	Triticum	aestivum	Triticum aestivum L	CIMMYT	قمح خبز	Mexico	7 STEMRRSN	Mexico
W 537	2359	Triticum	aestivum	Triticum aestivum L	CIMMYT	قمح خبز	Mexico	7 STEMRRSN	Mexico
W 538	2360	Triticum	aestivum	Triticum aestivum L	CIMMYT	قمح خبز	Mexico	7 STEMRRSN	Mexico
W 539	2361	Triticum	aestivum	Triticum aestivum L	CIMMYT	قمح خبز	Mexico	7 STEMRRSN	Mexico
W 540	2362	Triticum	aestivum	Triticum aestivum L	CIMMYT	قمح خبز	Mexico	7 STEMRRSN	Mexico
W 541	2363	Triticum	aestivum	Triticum aestivum L	CIMMYT	قمح خبز	Mexico	7 STEMRRSN	Mexico
W 542	2364	Triticum	aestivum	Triticum aestivum L	CIMMYT	قمح خبز	Mexico	7 STEMRRSN	Mexico
W 543	2365	Triticum	aestivum	Triticum aestivum L	CIMMYT	قمح خبز	Mexico	7 STEMRRSN	Mexico
W 544	2366	Triticum	aestivum	Triticum aestivum L	CIMMYT	قمح خبز	Mexico	7 STEMRRSN	Mexico
W 545	2367	Triticum	aestivum	Triticum aestivum L	CIMMYT	قمح خبز	Mexico	7 STEMRRSN	Mexico
W 546	2368	Triticum	aestivum	Triticum aestivum L	CIMMYT	قمح خبز	Mexico	7 STEMRRSN	Mexico
W 547	2369	Triticum	aestivum	Triticum aestivum L	CIMMYT	قمح خبز	Mexico	7 STEMRRSN	Mexico
W 548	2370	Triticum	aestivum	Triticum aestivum L	CIMMYT	قمح خبز	Mexico	7 STEMRRSN	Mexico
W 549	2371	Triticum	aestivum	Triticum aestivum L	CIMMYT	قمح خبز	Mexico	7 STEMRRSN	Mexico
W 550	2372	Triticum	aestivum	Triticum aestivum L	CIMMYT	قمح خبز	Mexico	7 STEMRRSN	Mexico
W 551	2373	Triticum	aestivum	Triticum aestivum L	CIMMYT	قمح خبز	Mexico	7 STEMRRSN	Mexico
W 552	2374	Triticum	aestivum	Triticum aestivum L	CIMMYT	قمح خبز	Mexico	7 STEMRRSN	Mexico
W 553	2375	Triticum	aestivum	Triticum aestivum L	CIMMYT	قمح خبز	Mexico	7 STEMRRSN	Mexico
W 554	2376	Triticum	aestivum	Triticum aestivum L	CIMMYT	قمح خبز	Mexico	7 STEMRRSN	Mexico
W 555	2377	Triticum	aestivum	Triticum aestivum L	CIMMYT	قمح خبز	Mexico	7 STEMRRSN	Mexico
W 556	2378	Triticum	aestivum	Triticum aestivum L	CIMMYT	قمح خبز	Mexico	7 STEMRRSN	Mexico
W 557	2379	Triticum	aestivum	Triticum aestivum L	CIMMYT	قمح خبز	Mexico	7 STEMRRSN	Mexico
W 558	2380	Triticum	aestivum	Triticum aestivum L	CIMMYT	قمح خبز	Mexico	7 STEMRRSN	Mexico
W 559	2381	Triticum	aestivum	Triticum aestivum L	CIMMYT	قمح خبز	Mexico	7 STEMRRSN	Mexico
W 560	2382	Triticum	aestivum	Triticum aestivum L	CIMMYT	قمح خبز	Mexico	7 STEMRRSN	Mexico
W 561	2383	Triticum	aestivum	Triticum aestivum L	CIMMYT	قمح خبز	Mexico	7 STEMRRSN	Mexico
W 562	2384	Triticum	aestivum	Triticum aestivum L	CIMMYT	قمح خبز	Mexico	7 STEMRRSN	Mexico
W 563	2386	Triticum	aestivum	Triticum aestivum L	CIMMYT	قمح خبز	Mexico	7 STEMRRSN	Mexico
W 564	2387	Triticum	aestivum	Triticum aestivum L	CIMMYT	قمح خبز	Mexico	7 STEMRRSN	Mexico
W 565	2388	Triticum	aestivum	Triticum aestivum L	CIMMYT	قمح خبز	Mexico	7 STEMRRSN	Mexico
W 566	2389	Triticum	aestivum	Triticum aestivum L	CIMMYT	قمح خبز	Mexico	7 STEMRRSN	Mexico
W 567	2390	Triticum	aestivum	Triticum aestivum L	CIMMYT	قمح خبز	Mexico	7 STEMRRSN	Mexico
W 568	2391	Triticum	aestivum	Triticum aestivum L	CIMMYT	قمح خبز	Mexico	7 STEMRRSN	Mexico
W 569	2392	Triticum	aestivum	Triticum aestivum L	CIMMYT	قمح خبز	Mexico	7 STEMRRSN	Mexico
W 570	2393	Triticum	aestivum	Triticum aestivum L	CIMMYT	قمح خبز	Mexico	7 STEMRRSN	Mexico
W 571	2394	Triticum	aestivum	Triticum aestivum L	CIMMYT	قمح خبز	Mexico	7 STEMRRSN	Mexico
W 572	2395	Triticum	aestivum	Triticum aestivum L	CIMMYT	قمح خبز	Mexico	7 STEMRRSN	Mexico
W 573	2396	Triticum	aestivum	Triticum aestivum L	CIMMYT	قمح خبز	Mexico	7 STEMRRSN	Mexico
W 574	2397	Triticum	aestivum	Triticum aestivum L	CIMMYT	قمح خبز	Mexico	7 STEMRRSN	Mexico
W 575	2398	Triticum	aestivum	Triticum aestivum L	CIMMYT	قمح خبز	Mexico	7 STEMRRSN	Mexico
W 576	2399	Triticum	aestivum	Triticum aestivum L	CIMMYT	قمح خبز	Mexico	7 STEMRRSN	Mexico
W 577	2400	Triticum	aestivum	Triticum aestivum L	CIMMYT	قمح خبز	Mexico	7 STEMRRSN	Mexico
W 578	2401	Triticum	aestivum	Triticum aestivum L	CIMMYT	قمح خبز	Mexico	7 STEMRRSN	Mexico
W 579	2402	Triticum	aestivum	Triticum aestivum L	CIMMYT	قمح خبز	Mexico	7 STEMRRSN	Mexico
W 580	2403	Triticum	aestivum	Triticum aestivum L	CIMMYT	قمح خبز	Mexico	7 STEMRRSN	Mexico
W 581	2404	Triticum	aestivum	Triticum aestivum L	CIMMYT	قمح خبز	Mexico	7 STEMRRSN	Mexico
W 582	2405	Triticum	aestivum	Triticum aestivum L	CIMMYT	قمح خبز	Mexico	7 STEMRRSN	Mexico
W 583	2406	Triticum	aestivum	Triticum aestivum L	CIMMYT	قمح خبز	Mexico	6 STEMRRSN	Mexico
W 584	2407	Triticum	aestivum	Triticum aestivum L	CIMMYT	قمح خبز	Mexico	6 STEMRRSN	Mexico
W 585	2408	Triticum	aestivum	Triticum aestivum L	CIMMYT	قمح خبز	Mexico	6 STEMRRSN	Mexico
W 586	2409	Triticum	aestivum	Triticum aestivum L	CIMMYT	قمح خبز	Mexico	6 STEMRRSN	Mexico
W 587	2410	Triticum	aestivum	Triticum aestivum L	CIMMYT	قمح خبز	Mexico	6 STEMRRSN	Mexico
W 588	2411	Triticum	aestivum	Triticum aestivum L	CIMMYT	قمح خبز	Mexico	6 STEMRRSN	Mexico
W 589	2412	Triticum	aestivum	Triticum aestivum L	CIMMYT	قمح خبز	Mexico	6 STEMRRSN	Mexico
W 590	2413	Triticum	aestivum	Triticum aestivum L	CIMMYT	قمح خبز	Mexico	6 STEMRRSN	Mexico
W 591	2414	Triticum	aestivum	Triticum aestivum L	CIMMYT	قمح خبز	Mexico	6 STEMRRSN	Mexico
W 592	2415	Triticum	aestivum	Triticum aestivum L	CIMMYT	قمح خبز	Mexico	6 STEMRRSN	Mexico
W 593	2416	Triticum	aestivum	Triticum aestivum L	CIMMYT	قمح خبز	Mexico	6 STEMRRSN	Mexico
W 594	2417	Triticum	aestivum	Triticum aestivum L	CIMMYT	قمح خبز	Mexico	6 STEMRRSN	Mexico
W 595	2418	Triticum	aestivum	Triticum aestivum L	CIMMYT	قمح خبز	Mexico	6 STEMRRSN	Mexico
W 596	2420	Triticum	aestivum	Triticum aestivum L	CIMMYT	قمح خبز	Mexico	6 STEMRRSN	Mexico
W 597	2421	Triticum	aestivum	Triticum aestivum L	CIMMYT	قمح خبز	Mexico	6 STEMRRSN	Mexico
W 598	2423	Triticum	aestivum	Triticum aestivum L	CIMMYT	قمح خبز	Mexico	6 STEMRRSN	Mexico
W 599	2424	Triticum	aestivum	Triticum aestivum L	CIMMYT	قمح خبز	Mexico	6 STEMRRSN	Mexico
W 600	2425	Triticum	aestivum	Triticum aestivum L	CIMMYT	قمح خبز	Mexico	6 STEMRRSN	Mexico
W 601	2427	Triticum	aestivum	Triticum aestivum L	CIMMYT	قمح خبز	Mexico	6 STEMRRSN	Mexico
W 602	2428	Triticum	aestivum	Triticum aestivum L	CIMMYT	قمح خبز	Mexico	6 STEMRRSN	Mexico
W 603	2429	Triticum	aestivum	Triticum aestivum L	CIMMYT	قمح خبز	Mexico	6 STEMRRSN	Mexico
W 604	2430	Triticum	aestivum	Triticum aestivum L	CIMMYT	قمح خبز	Mexico	7 STEMRRSN	Mexico
W 605	2432	Triticum	aestivum	Triticum aestivum L	CIMMYT	قمح خبز	Mexico	6 STEMRRSN	Mexico
W 606	2434	Triticum	aestivum	Triticum aestivum L	CIMMYT	قمح خبز	Mexico	6 STEMRRSN	Mexico
W 607	2436	Triticum	aestivum	Triticum aestivum L	CIMMYT	قمح خبز	Mexico	6 STEMRRSN	Mexico
W 608	2437	Triticum	aestivum	Triticum aestivum L	CIMMYT	قمح خبز	Mexico	6 STEMRRSN	Mexico
W 609	2438	Triticum	aestivum	Triticum aestivum L	CIMMYT	قمح خبز	Mexico	6 STEMRRSN	Mexico
W 610	2439	Triticum	aestivum	Triticum aestivum L	CIMMYT	قمح خبز	Mexico	6 STEMRRSN	Mexico
W 611	2440	Triticum	aestivum	Triticum aestivum L	CIMMYT	قمح خبز	Mexico	6 STEMRRSN	Mexico
W 612	2441	Triticum	aestivum	Triticum aestivum L	CIMMYT	قمح خبز	Mexico	6 STEMRRSN	Mexico
W 613	2443	Triticum	aestivum	Triticum aestivum L	CIMMYT	قمح خبز	Mexico	6 STEMRRSN	Mexico
W 614	2444	Triticum	aestivum	Triticum aestivum L	CIMMYT	قمح خبز	Mexico	6 STEMRRSN	Mexico
W 615	2445	Triticum	aestivum	Triticum aestivum L	CIMMYT	قمح خبز	Mexico	6 STEMRRSN	Mexico
W 616	2446	Triticum	aestivum	Triticum aestivum L	CIMMYT	قمح خبز	Mexico	6 STEMRRSN	Mexico
W 617	2447	Triticum	aestivum	Triticum aestivum L	CIMMYT	قمح خبز	Mexico	6 STEMRRSN	Mexico
W 618	2450	Triticum	aestivum	Triticum aestivum L	CIMMYT	قمح خبز	Mexico	6 STEMRRSN	Mexico
W 619	2452	Triticum	aestivum	Triticum aestivum L	CIMMYT	قمح خبز	Mexico	6 STEMRRSN	Mexico
W 620	2455	Triticum	aestivum	Triticum aestivum L	CIMMYT	قمح خبز	Mexico	6 STEMRRSN	Mexico
W 621	2459	Triticum	aestivum	Triticum aestivum L	CIMMYT	قمح خبز	Mexico	6 STEMRRSN	Mexico
W 622	2462	Triticum	aestivum	Triticum aestivum L	CIMMYT	قمح خبز	Mexico	6 STEMRRSN	Mexico
W 623	2463	Triticum	aestivum	Triticum aestivum L	CIMMYT	قمح خبز	Mexico	6 STEMRRSN	Mexico
W 624	2464	Triticum	aestivum	Triticum aestivum L	CIMMYT	قمح خبز	Mexico	6 STEMRRSN	Mexico
W 625	2465	Triticum	aestivum	Triticum aestivum L	CIMMYT	قمح خبز	Mexico	6 STEMRRSN	Mexico
W 626	2466	Triticum	aestivum	Triticum aestivum L	CIMMYT	قمح خبز	Mexico	6 STEMRRSN	Mexico
W 627	2467	Triticum	aestivum	Triticum aestivum L	CIMMYT	قمح خبز	Mexico	6 STEMRRSN	Mexico
W 628	2468	Triticum	aestivum	Triticum aestivum L	CIMMYT	قمح خبز	Mexico	6 STEMRRSN	Mexico
W 629	2469	Triticum	aestivum	Triticum aestivum L	CIMMYT	قمح خبز	Mexico	6 STEMRRSN	Mexico
W 630	2470	Triticum	aestivum	Triticum aestivum L	CIMMYT	قمح خبز	Mexico	6 STEMRRSN	Mexico
W 631	2471	Triticum	aestivum	Triticum aestivum L	CIMMYT	قمح خبز	Mexico	6 STEMRRSN	Mexico
W 632	2472	Triticum	aestivum	Triticum aestivum L	CIMMYT	قمح خبز	Mexico	6 STEMRRSN	Mexico
W 633	2473	Triticum	aestivum	Triticum aestivum L	CIMMYT	قمح خبز	Mexico	6 STEMRRSN	Mexico
W 634	2474	Triticum	aestivum	Triticum aestivum L	CIMMYT	قمح خبز	Mexico	6 STEMRRSN	Mexico
W 635	2475	Triticum	aestivum	Triticum aestivum L	CIMMYT	قمح خبز	Mexico	6 STEMRRSN	Mexico
W 636	2476	Triticum	aestivum	Triticum aestivum L	CIMMYT	قمح خبز	Mexico	6 STEMRRSN	Mexico
W 637	2477	Triticum	aestivum	Triticum aestivum L	CIMMYT	قمح خبز	Mexico	6 STEMRRSN	Mexico
W 638	2479	Triticum	aestivum	Triticum aestivum L	CIMMYT	قمح خبز	Mexico	6 STEMRRSN	Mexico
W 639	2480	Triticum	aestivum	Triticum aestivum L	CIMMYT	قمح خبز	Mexico	6 STEMRRSN	Mexico
W 640	2481	Triticum	aestivum	Triticum aestivum L	CIMMYT	قمح خبز	Mexico	6 STEMRRSN	Mexico
W 641	2482	Triticum	aestivum	Triticum aestivum L	CIMMYT	قمح خبز	Mexico	6 STEMRRSN	Mexico
W 642	2483	Triticum	aestivum	Triticum aestivum L	CIMMYT	قمح خبز	Mexico	6 STEMRRSN	Mexico
W 643	2486	Triticum	aestivum	Triticum aestivum L	CIMMYT	قمح خبز	Mexico	6 STEMRRSN	Mexico
W 644	2487	Triticum	aestivum	Triticum aestivum L	CIMMYT	قمح خبز	Mexico	6 STEMRRSN	Mexico
W 645	2488	Triticum	aestivum	Triticum aestivum L	CIMMYT	قمح خبز	Mexico	6 STEMRRSN	Mexico
W 646	2489	Triticum	aestivum	Triticum aestivum L	CIMMYT	قمح خبز	Mexico	6 STEMRRSN	Mexico
W 647	2490	Triticum	aestivum	Triticum aestivum L	CIMMYT	قمح خبز	Mexico	6 STEMRRSN	Mexico
W 648	2491	Triticum	aestivum	Triticum aestivum L	CIMMYT	قمح خبز	Mexico	6 STEMRRSN	Mexico
W 649	2492	Triticum	aestivum	Triticum aestivum L	CIMMYT	قمح خبز	Mexico	6 STEMRRSN	Mexico
W 650	2493	Triticum	aestivum	Triticum aestivum L	CIMMYT	قمح خبز	Mexico	6 STEMRRSN	Mexico
W 651	2494	Triticum	aestivum	Triticum aestivum L	CIMMYT	قمح خبز	Mexico	6 STEMRRSN	Mexico
W 652	2495	Triticum	aestivum	Triticum aestivum L	CIMMYT	قمح خبز	Mexico	6 STEMRRSN	Mexico
W 653	2496	Triticum	aestivum	Triticum aestivum L	CIMMYT	قمح خبز	Mexico	6 STEMRRSN	Mexico
W 654	2497	Triticum	aestivum	Triticum aestivum L	CIMMYT	قمح خبز	Mexico	6 STEMRRSN	Mexico
W 655	2498	Triticum	aestivum	Triticum aestivum L	CIMMYT	قمح خبز	Mexico	6 STEMRRSN	Mexico
W 656	2499	Triticum	aestivum	Triticum aestivum L	CIMMYT	قمح خبز	Mexico	6 STEMRRSN	Mexico
W 657	2500	Triticum	aestivum	Triticum aestivum L	CIMMYT	قمح خبز	Mexico	6 STEMRRSN	Mexico
W 658	2501	Triticum	aestivum	Triticum aestivum L	CIMMYT	قمح خبز	Mexico	6 STEMRRSN	Mexico
W 659	2502	Triticum	aestivum	Triticum aestivum L	CIMMYT	قمح خبز	Mexico	6 STEMRRSN	Mexico
W 660	2503	Triticum	aestivum	Triticum aestivum L	CIMMYT	قمح خبز	Mexico	6 STEMRRSN	Mexico
W 661	2504	Triticum	aestivum	Triticum aestivum L	CIMMYT	قمح خبز	Mexico	6 STEMRRSN	Mexico
W 662	2505	Triticum	aestivum	Triticum aestivum L	CIMMYT	قمح خبز	Mexico	6 STEMRRSN	Mexico
W 663	2506	Triticum	aestivum	Triticum aestivum L	CIMMYT	قمح خبز	Mexico	6 STEMRRSN	Mexico
W 664	2507	Triticum	aestivum	Triticum aestivum L	CIMMYT	قمح خبز	Mexico	6 STEMRRSN	Mexico
W 665	2509	Triticum	aestivum	Triticum aestivum L	CIMMYT	قمح خبز	Mexico	6 STEMRRSN	Mexico
W 666	2510	Triticum	aestivum	Triticum aestivum L	CIMMYT	قمح خبز	Mexico	6 STEMRRSN	Mexico
W 667	2511	Triticum	aestivum	Triticum aestivum L	CIMMYT	قمح خبز	Mexico	6 STEMRRSN	Mexico
W 668	2512	Triticum	aestivum	Triticum aestivum L	CIMMYT	قمح خبز	Mexico	6 STEMRRSN	Mexico
W 669	2513	Triticum	aestivum	Triticum aestivum L	CIMMYT	قمح خبز	Mexico	6 STEMRRSN	Mexico
W 670	2516	Triticum	aestivum	Triticum aestivum L	CIMMYT	قمح خبز	Mexico	6 STEMRRSN	Mexico
W 671	2517	Triticum	aestivum	Triticum aestivum L	CIMMYT	قمح خبز	Mexico	6 STEMRRSN	Mexico
W 672	2518	Triticum	aestivum	Triticum aestivum L	CIMMYT	قمح خبز	Mexico	6 STEMRRSN	Mexico
W 673	2519	Triticum	aestivum	Triticum aestivum L	CIMMYT	قمح خبز	Mexico	6 STEMRRSN	Mexico
W 674	2520	Triticum	aestivum	Triticum aestivum L	CIMMYT	قمح خبز	Mexico	6 STEMRRSN	Mexico
W 675	2522	Triticum	aestivum	Triticum aestivum L	CIMMYT	قمح خبز	Mexico	6 STEMRRSN	Mexico
W 676	2523	Triticum	aestivum	Triticum aestivum L	CIMMYT	قمح خبز	Mexico	6 STEMRRSN	Mexico
W 677	2524	Triticum	aestivum	Triticum aestivum L	CIMMYT	قمح خبز	Mexico	6 STEMRRSN	Mexico
W 678	2525	Triticum	aestivum	Triticum aestivum L	CIMMYT	قمح خبز	Mexico	6 STEMRRSN	Mexico
W 679	2526	Triticum	aestivum	Triticum aestivum L	CIMMYT	قمح خبز	Mexico	6 STEMRRSN	Mexico
W 680	2527	Triticum	aestivum	Triticum aestivum L	CIMMYT	قمح خبز	Mexico	6 STEMRRSN	Mexico
W 681	2528	Triticum	aestivum	Triticum aestivum L	CIMMYT	قمح خبز	Mexico	6 STEMRRSN	Mexico
W 682	1494	Triticum	aestivum	Triticum aestivum	Market	ياكوراروجو	NA	NA	NA
W 683	3254	Triticum	aestivum	Triticum aestivum	Farm	قمح سميد	NA	NA	NA
W 684	3255	Triticum	aestivum	Triticum aestivum	Farm	قمح كلاسيك	NA	NA	NA
W 685	1372	Triticum	aestivum	Triticum aestivum	Farm	قمح استرالي	NA	aseer	NA
W 686	3260	Triticum	aestivum	Triticum aestivum	Farm	استرالي الباحة	NA	NA	NA
W 687	1345	Triticum	aestivum	Triticum aestivum	Farm	قمح حنطة	NA	Al-Baha	NA
W 688	1364	Triticum	aestivum	Triticum aestivum	Farm	قمح حنطة أسمر	NA	aseer	NA
W 689	188	Triticum	aestivum	Triticum aestivum	Agri. Directorate	قمح بلدي (صاد)	NA	Riyadh	Al-Kharj
W 690	3253	Triticum	aestivum	Triticum aestivum	Farm	قمح كندا	NA	NA	NA
W 691	3259	Triticum	aestivum	Triticum aestivum	Farm	كندا الطائف	NA	NA	NA
W 692	3250	Triticum	aestivum	Triticum aestivum	Farm	مابية غامقة	NA	NA	NA
W 693	3251	Triticum	aestivum	Triticum aestivum	Farm	مابية فاتحة	NA	NA	NA
W 694	1438	Triticum	aestivum	Triticum aestivum	Farm	قمح مابية	NA	Al-Baha	NA
W 695	3252	Triticum	aestivum	Triticum aestivum	Farm	مابية قواش	NA	NA	NA
W 696	3257	Triticum	aestivum	Triticum aestivum	Farm	حنطة بلدي بيدا 1	NA	NA	NA
W 697	1359	Triticum	aestivum	Triticum aestivum	Farm	قمح طري	NA	taif	NA
W 698	1360	Triticum	aestivum	Triticum aestivum	Farm	قمح طري	NA	taif	NA
W 699	Removed	NA	NA	NA	NA		NA	NA	NA
W 700	1363	Triticum	aestivum	Triticum aestivum	Farm	قمح صيب	NA	aseer	NA
W 701	1365	Triticum  	turgidum	Triticum aestivum	Farm	قمح قاسي	NA	aseer	NA
W 702	1370	Triticum  	turgidum	Triticum aestivum	Farm	قمح قاسي	NA	aseer	NA
W 703	1374	Triticum	aestivum	Triticum aestivum	Farm	قمح طري	NA	aseer	NA
W 704	Removed	NA	NA	NA	NA		NA	NA	NA
W 705	3302	Triticum	aestivum	Triticum aestivum	Farm	قمح قياض الباحة	NA	Al-Baha	NA
W 706	3302	Triticum	aestivum	Triticum aestivum	Farm	قمح قياض الباحة	NA	Al-Baha	NA
W 707	1363	Triticum	aestivum	Triticum aestivum	Farm	قمح صيب	NA	aseer	NA
W 708	1369	Triticum	aestivum	Triticum aestivum	Farm	قمح صيب	NA	aseer	NA
W 709	1377	Triticum	aestivum	Triticum aestivum	Farm	قمح صيب	NA	aseer	NA
W 710	3258	Triticum	aestivum	Triticum aestivum	Farm	هميس خبز	NA	NA	NA
W 711	3263	Triticum  	turgidum	Triticum aestivum	Farm	هميس مكرونة	NA	NA	NA
W 712	1361	Triticum	aestivum	Triticum aestivum	Farm	قمح بر 	NA	Taif	NA
W 713	1357	Triticum	aestivum	Triticum aestivum	Farm	قمح حنطة حجازي	NA	Taif	NA
W 714	3300	Triticum	aestivum	Triticum aestivum	Farm	قمح بلدي الباحة	NA	Al-Baha	NA
W 715	3069	Triticum	aestivum	Triticum aestivum	ACSAD	أكساد 901	NA	Al-Baha	Syria
W 716	1066	NA	NA	NA	NA	رقم البنك غلط 	NA	NA	NA
W 717	1372	Triticum	aestivum	Triticum aestivum	Farm	قمح استرالي	NA	aseer	NA
W 718	1357	Triticum	aestivum	Triticum aestivum	Farm	قمح حنطة حجازي	NA	Taif	NA
W 719	3261	Triticum	aestivum	Triticum aestivum	Farm	قمح تركيب 70	NA	NA	NA
W 720	3266	Triticum	aestivum	Triticum aestivum	Farm	حنطة بلدي بيدا 2	NA	NA	NA
W 721	1438	Triticum	aestivum	Triticum aestivum	Farm	قمح مابية	NA	Al-Baha	NA
W 722	109	Triticum	 turgidum 	Triticum aestivum	 Rashid Al-Hazani	قمح لقيمي	NA	Riyadh	Al-Hareeq
W 723	3262	Triticum	 turgidum 	Triticum aestivum	Farm	قمح نقرة 1	NA	NA	NA
W 724	3264	Triticum	 turgidum 	Triticum aestivum	Farm	قمح نقرة 2	NA	NA	NA
W 725	3109	Triticum	 turgidum 	Triticum aestivum	USA	قمح مكرونة(أوريتا)	NA	USA	USA
W 726	ASCAD1229	NA	NA	NA	NA	NA	NA	NA	NA
W 727	3112	Triticum	 turgidum 	Triticum aestivum	ACSAD	أكساد1105	NA	ACSAD	Syria
W 728	3112	Triticum	 turgidum 	Triticum aestivum	ACSAD	أكساد1106	NA	ACSAD	Syria